Date,High
2022-04-28,300.0
2012-01-11,1.892
2016-05-20,14.703333
2012-05-09,2.051333
2012-12-18,2.338
2018-09-04,19.879333
2020-08-03,100.653999
2019-03-01,20.475332
2017-07-07,21.133333
2015-06-12,16.897333
2021-07-16,218.899994
2014-06-09,13.999333
2018-05-07,20.397333
2015-09-09,16.950001
2021-11-12,351.5
2013-09-16,11.39
2017-05-01,21.816668
2022-08-26,302.0
2022-06-14,226.330002
2014-12-29,15.194
2018-12-13,25.162666
2020-07-17,102.500664
2022-08-12,300.160004
2019-05-10,16.132668
2020-03-06,47.133331
2020-08-25,135.196671
2021-03-12,231.626663
2018-08-22,21.591999
2015-09-28,17.319332
2015-11-27,15.483333
2014-12-15,13.986667
2021-04-16,249.803329
2022-09-12,305.48999
2015-11-13,14.199333
2019-02-08,20.496668
2018-07-06,20.804667
2021-03-15,237.726669
2012-03-23,2.308667
2022-03-02,295.493347
2018-02-15,22.274668
2015-12-15,14.814667
2014-09-02,18.992666
2019-08-30,15.496
2012-01-03,1.966667
2016-06-27,13.254
2010-11-30,2.355333
2015-03-31,12.917333
2015-11-17,14.4
2015-06-15,16.752001
2016-08-10,15.324667
2017-01-03,14.688667
2022-02-08,308.763336
2022-01-03,400.356659
2012-04-20,2.248667
2018-11-05,22.930668
2011-01-21,1.572667
2017-12-27,21.178667
2010-10-01,1.383333
2013-11-18,9.03
2013-09-05,11.433333
2016-05-25,14.757333
2011-05-27,1.978
2014-03-11,16.306667
2013-01-15,2.283333
2019-02-07,20.98
2016-02-17,11.289333
2021-08-18,231.92334
2015-09-03,16.805332
2013-05-13,5.866667
2018-03-01,23.244667
2015-12-03,15.83
2012-08-14,2.078
2020-07-06,91.852669
2019-02-19,20.769333
2020-02-03,52.409332
2016-04-11,17.266001
2012-11-19,2.216667
2022-09-07,283.839996
2013-10-17,12.32
2020-06-29,67.333336
2021-07-15,222.046661
2010-07-14,1.343333
2013-07-05,8.018667
2019-11-01,21.098667
2013-10-24,11.633333
2013-06-21,6.913333
2016-10-05,14.21
2011-01-19,1.698
2018-03-28,17.912001
2011-05-04,1.8
2018-12-31,22.614
2013-05-20,6.166667
2017-08-21,23.054667
2011-11-03,2.166
2019-05-08,16.706667
2019-09-19,16.529333
2012-01-24,1.845333
2014-02-24,14.557333
2014-01-02,10.165333
2019-10-28,22.722668
2015-11-11,14.632
2016-03-01,13.063333
2010-12-01,2.428
2016-08-24,15.143333
2022-03-15,268.523346
2011-08-05,1.692
2017-03-02,16.885332
2010-12-22,2.190667
2019-08-15,14.770667
2015-01-27,13.868667
2018-08-15,22.966
2014-08-13,17.709333
2020-11-05,146.666672
2022-05-05,315.200012
2015-04-21,14.05
2012-05-25,2.027333
2016-03-02,12.568
2013-06-27,7.35
2013-06-14,6.834667
2017-11-07,20.433332
2021-06-10,205.529999
2010-08-31,1.319333
2016-08-12,15.11
2022-04-06,359.666656
2018-06-28,23.801332
2010-08-12,1.193333
2017-09-28,22.85
2017-12-06,20.892668
2014-03-27,14.24
2015-06-02,16.626667
2015-05-01,15.451333
2021-11-10,359.366669
2012-05-10,2.312
2014-08-21,17.253332
2018-01-30,23.218
2021-07-27,222.166672
2017-02-09,18.078667
2012-08-01,1.866
2013-10-14,12.166667
2014-12-19,14.693333
2019-08-23,14.744667
2011-07-13,1.935333
2019-06-19,15.184667
2012-10-01,1.992667
2010-07-30,1.362667
2011-09-13,1.606667
2016-07-22,14.966667
2017-06-15,25.030666
2013-04-25,3.493333
2017-08-29,23.27
2017-07-27,23.166668
2015-08-05,18.066668
2020-05-07,53.093334
2019-10-21,17.299999
2011-02-03,1.593333
2018-01-24,23.65
2015-05-11,16.191999
2010-07-15,1.433333
2014-02-28,16.845333
2017-10-04,23.908001
2019-05-31,12.661333
2012-02-13,2.137333
2010-08-25,1.332
2018-12-24,20.966667
2011-12-22,1.87
2019-06-05,13.418667
2022-01-19,351.556671
2015-12-31,16.23
2016-04-06,17.849333
2017-11-03,20.416668
2020-09-28,142.693329
2010-09-24,1.346
2018-09-14,19.822001
2011-11-25,2.160667
2019-12-11,23.812668
2019-05-16,15.4
2014-12-12,14.112
2018-06-22,23.483334
2011-05-17,1.8
2016-05-23,14.84
2018-10-12,17.466
2022-08-19,300.359985
2021-12-27,372.333344
2016-12-22,13.999333
2018-10-25,21.4
2022-08-01,311.876678
2013-12-26,10.533333
2011-03-24,1.492
2014-04-25,13.78
2022-07-18,250.516663
2016-12-06,12.438667
2018-07-17,21.649332
2019-07-12,16.358667
2019-03-18,18.536667
2015-03-25,13.239333
2015-02-23,14.546667
2014-06-20,15.419333
2010-10-25,1.398667
2010-08-10,1.31
2020-01-24,38.257332
2017-03-27,18.038
2017-05-16,21.337334
2016-09-19,13.962
2015-01-21,13.245333
2016-05-16,14.21
2013-10-25,11.633333
2022-05-17,254.82666
2018-04-05,20.417334
2020-08-28,154.565994
2022-09-02,282.350006
2012-07-25,1.998667
2019-04-12,18.129999
2010-10-14,1.402
2010-10-04,1.411333
2014-06-16,15.032667
2021-08-26,238.46666
2012-12-19,2.350667
2020-04-09,38.345333
2022-01-04,402.666656
2021-12-16,331.660004
2015-03-06,13.383333
2016-08-05,15.466667
2021-01-21,285.23999
2022-04-13,342.079987
2010-12-14,2.026
2016-08-15,15.3
2011-06-16,1.866667
2014-11-24,16.506666
2010-07-28,1.393333
2019-07-26,15.350667
2011-07-06,1.942667
2015-07-10,17.533333
2014-06-25,15.836667
2016-03-15,14.598
2015-12-24,15.458667
2019-01-24,19.578667
2011-11-30,2.195333
2015-08-11,15.953333
2022-06-23,239.316666
2019-08-14,15.433333
2011-09-14,1.656
2015-07-09,17.530001
2015-11-02,14.386667
2014-03-26,14.84
2014-01-30,12.318667
2021-02-05,288.256653
2019-03-19,18.219999
2016-12-01,12.568667
2019-06-14,14.443333
2015-07-28,17.693333
2010-12-08,2.166
2020-04-20,51.037998
2015-07-24,18.072666
2016-06-03,14.796
2021-02-11,276.626678
2020-12-15,215.633331
2015-06-23,17.866667
2018-11-27,23.130667
2015-06-18,17.563999
2011-09-20,1.773333
2020-12-09,218.106674
2013-02-14,2.583333
2015-12-07,15.708667
2020-01-30,43.391998
2015-03-16,13.060667
2018-12-17,24.379999
2014-10-29,16.1
2015-10-21,14.320667
2017-02-06,17.188
2017-12-29,21.094
2015-12-09,15.166667
2014-02-18,13.733333
2014-11-10,16.191999
2021-10-13,271.803345
2011-04-29,1.858
2017-09-19,25.492666
2022-04-29,311.466675
2013-08-28,11.433333
2010-11-19,2.091333
2016-05-09,14.41
2016-09-15,13.501333
2017-11-06,20.5
2019-11-26,22.366667
2021-11-05,413.290009
2015-07-06,18.779333
2012-06-22,2.265333
2019-02-12,21.212667
2022-08-16,314.666656
2022-02-25,273.166656
2022-04-11,336.156677
2017-11-10,20.557333
2016-04-26,17.048668
2010-11-11,1.94
2014-07-29,15.22
2021-12-30,365.183319
2015-09-14,16.950001
2022-02-16,308.809998
2010-12-13,2.118
2020-02-19,62.985332
2013-11-12,9.646667
2020-12-16,210.833328
2010-12-30,1.86
2020-02-21,60.870667
2017-05-04,20.518
2021-10-14,273.416656
2012-12-27,2.260667
2015-07-29,17.859333
2017-07-18,21.941999
2013-05-16,6.333333
2019-12-26,28.898666
2017-02-23,17.643999
2018-08-06,23.665333
2011-10-27,1.93
2010-12-23,2.165333
2013-12-12,9.882667
2015-05-13,16.553333
2020-04-01,34.263332
2019-06-06,14.066667
2017-01-20,16.4
2010-11-29,2.396667
2018-03-15,22.190001
2011-11-09,2.099333
2021-02-16,273.666656
2012-01-31,2.0
2017-01-06,15.354
2019-05-21,13.826667
2022-06-29,231.17334
2010-11-02,1.458667
2018-06-21,24.414
2019-04-15,17.925333
2013-01-08,2.3
2021-08-16,236.5
2016-09-22,13.818667
2011-01-04,1.796667
2015-09-04,16.272667
2019-07-31,16.445333
2013-07-25,8.316667
2011-03-25,1.533333
2012-08-15,1.98
2017-12-21,22.249332
2014-05-09,12.226667
2012-05-08,2.182
2021-08-13,243.300003
2011-03-31,1.914
2019-08-16,14.816
2016-11-21,12.592667
2014-01-14,10.8
2011-06-29,1.939333
2020-03-16,32.991333
2020-11-09,150.833328
2012-04-24,2.146667
2022-05-20,240.526672
2018-12-28,22.416
2012-06-12,1.989333
2016-11-08,13.166
2014-06-26,16.026667
2022-07-26,267.309998
2022-06-15,235.66333
2014-08-26,17.700001
2014-03-21,15.746667
2021-12-17,320.220001
2013-04-04,2.816667
2013-06-18,6.932
2020-04-14,49.458668
2017-02-13,18.719334
2019-11-25,22.971333
2010-06-30,2.028
2016-01-12,14.249333
2013-05-01,3.732667
2018-05-25,18.642668
2018-08-24,21.59
2016-11-16,12.315333
2021-01-11,284.809998
2018-01-17,23.266666
2012-03-26,2.539333
2018-06-20,24.292
2020-06-11,67.930664
2018-10-24,20.296
2019-03-14,19.692667
2021-02-26,235.566666
2012-11-30,2.285333
2018-04-19,20.067333
2020-03-24,34.245998
2016-07-11,15.118667
2015-03-17,13.247333
2015-11-30,15.618667
2016-11-29,13.115333
2019-10-24,20.328667
2017-09-06,23.398666
2012-03-02,2.3
2020-01-10,32.329334
2013-09-04,11.441333
2015-09-23,17.472
2013-06-28,7.296
2014-09-22,17.068001
2020-11-16,137.483337
2016-06-16,14.536
2021-07-07,221.899994
2016-01-14,14.0
2019-01-14,22.833332
2012-03-20,2.346667
2011-10-07,1.84
2016-08-31,14.173333
2015-04-10,14.11
2013-05-06,3.977333
2016-11-25,13.149333
2015-10-08,15.381333
2015-05-06,15.631333
2020-06-15,66.589333
2013-11-27,8.463333
2018-07-20,21.549334
2013-01-18,2.318667
2014-12-18,14.562667
2015-01-07,14.318667
2018-11-12,23.318666
2016-07-14,14.996
2017-07-10,21.195999
2018-03-26,20.506001
2010-10-15,1.393333
2012-01-04,1.911333
2022-09-09,299.850006
2018-02-23,23.666
2016-07-06,14.348667
2021-02-01,280.666656
2019-04-05,18.406668
2012-08-22,2.002667
2021-03-01,239.666672
2018-01-09,22.586666
2018-03-13,23.147333
2021-10-07,268.333344
2015-04-29,15.664667
2020-09-10,132.996674
2018-06-01,19.463333
2016-03-09,13.958
2017-01-05,15.165333
2014-08-04,16.033333
2011-03-03,1.652667
2011-09-07,1.6
2019-04-09,18.333332
2017-10-09,23.450001
2019-01-02,21.008667
2015-05-26,16.799999
2014-01-22,12.021333
2014-04-24,14.186667
2016-04-15,16.973333
2019-12-10,23.382
2017-10-25,22.5
2014-01-13,9.8
2020-10-02,146.376663
2012-08-06,1.913333
2014-01-06,10.026667
2016-06-06,14.726667
2022-06-13,226.633331
2012-07-12,2.200667
2012-03-21,2.353333
2019-12-30,28.6
2018-01-25,23.280001
2014-10-07,17.430668
2020-09-14,140.0
2010-09-22,1.396667
2017-01-25,17.230667
2011-08-19,1.614667
2012-09-25,1.965333
2021-03-03,233.566666
2014-11-04,16.156668
2020-01-09,33.253334
2022-06-09,255.546661
2020-04-06,34.733334
2012-11-06,2.08
2018-10-19,17.977333
2015-09-15,16.973333
2022-06-22,246.833328
2013-08-07,9.463333
2020-07-07,95.300003
2019-02-22,19.766666
2010-12-06,2.096667
2017-12-05,20.533333
2020-05-15,53.669998
2014-01-08,10.246667
2013-10-16,12.486667
2014-08-06,16.761333
2011-08-17,1.776667
2012-11-01,1.966
2020-01-15,35.855999
2011-02-07,1.550667
2022-08-05,304.606659
2019-06-11,14.726667
2011-12-09,2.074667
2021-03-30,212.553329
2016-05-04,15.630667
2017-06-23,25.799334
2018-04-09,20.633333
2011-06-30,1.955333
2016-04-12,16.786667
2013-07-16,8.421333
2016-09-06,13.55
2019-04-01,19.280001
2018-08-31,20.354
2011-12-06,2.332
2017-10-06,24.006666
